Accuracy,Precision,Recall,F1,AUC,Specificity,Sensitivity,MCC,Kappa,Training_Time,Inference_Time,FPS
0.9732,0.9498098859315589,0.9992,0.9738791423001949,0.9996380500000001,0.9472,0.9992,0.9476821335535442,0.9464,1421.0993223190308,24.106934070587158,829.6368149279496
